,ars,aces,name,address,phone,email,schedule,reservation,presencial,drive,domicile
0,ARS Norte,ACES Alto Minho, Viana do Castelo (Germano de Sousa),Rua D. Moisés Alves de Pinho 4900-314 Viana do Castelo,969030806,covid19.viana@germanodesousa.com,2ª feira a sábado: 09H às 13H | 14H às 17H; Domingos e feriados: Encerrado,Obrigatória,Sim,Não tem,Não
1,ARS Norte,ACES Alto Minho, Valença (Laboratório Dra. Helena Rodrigues),"Avenida Dr. Tito Fontes, nº 31 4930-673 Valença",251249900 ,laboratorio@helenarodriguesanalisesclinicas.pt,"De 2ª a 6ª feira: 08H às 13H | 14H às 18H; Sábados, domingos e feriados: Encerrado",Obrigatória,Sim,Não tem,Sim
2,ARS Norte,ACES Alto Minho, Arcos de Valdevez (Laboratório Dra. Helena Rodrigues),"Rua Dr. Félix Alves Pereira, nº 177 4970-456 Arcos de Valdevez",251249900 ,laboratorio@helenarodriguesanalisesclinicas.pt,"De 2ª a 6ª feira: 08H às 12H30; Sábados, domingos e feriados: Encerrado",Obrigatória,Sim,Não tem,Sim
3,ARS Norte,ACES Alto Minho, Ponte da Barca (Laboratório Dra. Helena Rodrigues),"Hospital da Misericórdia de Ponte da Barca, Praça da República 4980-619 Ponte da Barca",251249900 ,laboratorio@helenarodriguesanalisesclinicas.pt,"De 2ª a 6ª feira: 08H às 11H30; Sábados, domingos e feriados: Encerrado",Obrigatória,Sim,Não tem,Sim
4,ARS Norte,ACES Alto Minho, Lanheses (Laboratório Dra. Helena Rodrigues),Largo da Feira 4925-411 Lanheses,251249900 ,laboratorio@helenarodriguesanalisesclinicas.pt,"De 2ª a 6ª feira: 08H às 11H30; Sábados, domingos e feriados: Encerrado",Obrigatória,Sim,Não tem,Sim
5,ARS Norte,ACES Alto Minho, Viana do Castelo (Laboratório Dra. Helena Rodrigues),"Rua de Altamira, nº 53 r/c 4900-337 Viana do Castelo",251249900 ,laboratorio@helenarodriguesanalisesclinicas.pt,"2ªF e 5ªF: 08H30 às 11H; 3ªF, 4ªF, 6ªF, sábados, domingos e feriados: Encerrado",Obrigatória,Sim,Não tem,Sim
6,ARS Norte,ACES Alto Minho, Vila Praia de Âncora (Laboratório Dra. Helena Rodrigues),"Rua 5 de Outubro nº 103A, r/c D 4910-456 Vila Praia de Âncora",251249900 ,laboratorio@helenarodriguesanalisesclinicas.pt,"De 2ª a 6ª feira: 08H às 11H; Sábados, domingos e feriados: Encerrado",Obrigatória,Sim,Não tem,Sim
7,ARS Norte,ACES Alto Minho, Monção (Laboratório Dra. Helena Rodrigues),"Estrada dos Arcos, Edf. Avenida, Bloco1, loja 4 4950-436 Monção",251249900 ,laboratorio@helenarodriguesanalisesclinicas.pt,"De 2ª a 6ª feira: 08H às 12H30 | 14H30 às 18H; Sábados, domingos e feriados: Encerrado",Obrigatória,Sim,Não tem,Sim
8,ARS Norte,ACES Alto Minho, Monção - Mazedo (Laboratório Dra. Helena Rodrigues),"Santa Casa da Misericórdia de Monção, Barreiras, Mazedo 4950-277 Mazedo",251249900 ,laboratorio@helenarodriguesanalisesclinicas.pt,"De 2ª a 6ª feira: 08H às 11H30; Sábados, domingos e feriados: Encerrado",Obrigatória,Sim,Não tem,Sim
9,ARS Norte,ACES Alto Minho, Melgaço (Laboratório Dra. Helena Rodrigues),Praça Ribeiro do Porto nº14 4960-568 Melgaço,251249900 ,laboratorio@helenarodriguesanalisesclinicas.pt,"De 2ª a 6ª feira: 08H às 12H; Sábados, domingos e feriados: Encerrado",Obrigatória,Sim,Não tem,Sim
10,ARS Norte,ACES Alto Minho, Ponte de Lima (Laboratório Dra. Helena Rodrigues),Rua General Norton de Matos nº555 4990-118 Ponte de Lima,251249900 ,laboratorio@helenarodriguesanalisesclinicas.pt,"3ªF e 5ªF: 08H às 11H; 2ªF, 4ªF, 6ªF, sábados, domingos e feriados: Encerrado",Obrigatória,Sim,Não tem,Sim
11,ARS Norte,ACES Alto Minho, Vila Nova de Anha (Laboratório Dra. Helena Rodrigues),"Avenida 9 de Julho 1985, nº1122 4935-301 Vila Nova de Anha",251249900 ,laboratorio@helenarodriguesanalisesclinicas.pt,"4ªF: 08H às 11H; 2ªF, 3ªF, 5ªF, 6ªF, sábados, domingos e feriados: Encerrado",Obrigatória,Sim,Não tem,Sim
12,ARS Norte,ACES Feira e Arouca, Santa Maria da Feira (Germano de Sousa),"EUROPARQUE, Rua Interior do Europarque, Santa Maria da Feira 4520-153 Santa Maria da Feira",930525694,covid19.feira@germanodesousa.com,2ª feira a domingo: 08H às 18H; Feriados: Encerrado,Obrigatória,Sim,Só em automóvel,Não
13,ARS Norte,ACES Vale do Sousa Sul, Penafiel (Germano de Sousa),"Rua Dom António Ferreira Gomes, 1114, Pavilhão de Feiras e Exposições de Penafiel 4560-260 Penafiel",930529765,covid19.penafiel@germanodesousa.com,2ª feira a sábado: 09H às 17H; Domingos: 14H às 18H; Feriados: Encerrado,Obrigatória,Sim,Só em automóvel,Não
14,ARS Norte,ACES Aveiro Norte, São João da Madeira (Centro Médico da Praça),Rua Vale do Vouga 1492 a 1520 3700-298 São João da Madeira,256830706 256830700 916137547,geral@centromedicodapraca.pt americo.sa@centromedicodapraca.pt,De 2ª a 6ª feira: 08H30 às 12H30 | 14H às 18H; Sábados: 09H às 12H30; Domingos e feriados: Encerrado,Opcional,Sim,Não tem,Sim
15,ARS Norte,ACES Aveiro Norte, São João da Madeira CMP - Drive Through Oliva Creative Factory (Centro Médico da Praça),Rua da Fundição 3700-119 São João da Madeira,256830706 256830700 916137547,geral@centromedicodapraca.pt americo.sa@centromedicodapraca.pt,De 2ª a 6ª feira: 08H30 às 12H30 | 14H às 18H; Sábados: 09H às 12H; Domingos e feriados: Encerrado,Obrigatória,Sim,Só em automóvel,Não
16,ARS Norte,ACES Aveiro Norte, Vale de Cambra (Centro Médico da Praça),"Rua das Regadas, nº85, Edifício Pluridomus 3730-250 Vale de Cambra",256410960 256830706 916137547,geral@centromedicodapraca.pt americo.sa@centromedicodapraca.pt,De 2ª a 6ª feira: 08H30 às 12H30 | 14H às 18H; Sábados: 09H às 12H30; Domingos e feriados: Encerrado,Obrigatória,Sim,Não tem,Sim
17,ARS Norte,ACES Aveiro Norte, Oliveira de Azeméis (Synlab Porto),Rua Dr. João Manuel Godinho Sousa (Junto às Piscinas Municipais) 3720-254 Oliveira de Azeméis,256664070 ,,"De 2ª a 6ª feira: 09H às 12H; Sábados, domingos e feriados: Encerrado",Obrigatória,Sim,Em viatura ou a pé,Não
18,ARS Norte,ACES Aveiro Norte, Vale de Cambra (Avelab),"Estrada Nacional 227, Lugar da Relva n.º 503 3730-365 Vale de Cambra",256405061 918714666,geral@biosegal.pt,"De 2ª a 6ª feira: 08H às 18H; Sábados, domingos e feriados: Encerrado",Obrigatória,Sim,Só em automóvel,Sim
19,ARS Norte,ACES Gerês / Cabreira, Ribeira do Neiva (Laboratório Dra. Helena Rodrigues),"Ângulo Quarenta, Goães 4730-190 Goães, Vila Verde",251249900 ,laboratorio@helenarodriguesanalisesclinicas.pt,"3ªF e 5ªF: 08H às 11H30; 2ªF, 4ªF, 6ªF, sábados, domingos e feriados: Encerrado",Obrigatória,Sim,Não tem,Sim
20,ARS Norte,ACES Barcelos / Esposende, Barcelos (Synlab Porto),"Travessa do Senhor do Galo, 43 4755-066 Barcelos",253969750 ,,De 2ª a 6ª feira: 09H às 12H | 14H às 18H; Sábados e domingos: 14H às 18H; Feriados: Encerrado,Obrigatória,Sim,Em viatura ou a pé,Não
21,ARS Norte,ACES Braga, Braga (Medicina Laboratorial - Doutor Carlos da Silva Torres),Rua Monsenhor Airosa - Altice Forum Braga 4705-002 Braga,220125001,marcacoes@unilabs.pt,2ª feira a domingo: 09H às 18H; Feriados: Encerrado,Obrigatória,Sim,Só em automóvel,Não
22,ARS Norte,ACES Braga, Braga (Dr. Joaquim Chaves),"Avenida Central nº 33, 3º andar 4710-229 Braga",253609140,posto_lhs@jcs.pt,De 2ª a 6ª feira: 09H às 18H; Sábados: 09H às 12H; Domingos e feriados: Encerrado,Obrigatória,Sim,Não tem,Sim
23,ARS Norte,ACES Braga, Braga (Laboratório Dra. Helena Rodrigues),"Rua Dr. Artur Soares nº353, S. Vicente 4700-363 Braga",251249900 ,laboratorio@helenarodriguesanalisesclinicas.pt,"De 2ª a 6ª feira: 08H às 12H; Sábados, domingos e feriados: Encerrado",Obrigatória,Sim,Não tem,Sim
24,ARS Norte,ACES Baixo Tâmega, Marco de Canaveses (Synlab Porto),"Avenida Dr. Artur Melo e Castro, 39 - Estádio Municipal do Marco de Canaveses 4630-241 Marco de Canaveses", 916654309,,"De 2ª a 6ª feira: 14H às 18H; Sábados, domingos e feriados: Encerrado",Obrigatória,Sim,Em viatura ou a pé,Não
25,ARS Norte,ACES Vale do Sousa Norte, Porto - Lousada (Medicina Laboratorial - Doutor Carlos da Silva Torres),"Avenida Dr. Duarte Leite, nº 545 4620-141 Porto - Lousada",220125001,marcacoes@unilabs.pt,2ª feira a domingo: 09H às 18H; Feriados: Encerrado,Obrigatória,Sim,Só em automóvel,Não
26,ARS Norte,ACES Vale do Sousa Norte, Felgueiras (Hospital Agostinho Ribeiro),Avenida Dr. Magalhães Lemos 4610-106 Felgueiras,255310826 255310820 967813351 967288882,hospital.har@mail.telepac.pt analises.har@gmail.com,2ª feira a sábado: 08H às 18H; Domingos e feriados: Encerrado,Obrigatória,Sim,Em viatura ou a pé,Sim
27,ARS Norte,ACES Matosinhos, Matosinhos (Synlab Porto),"Rua de Sendim, 256 - Parque de Manhufe 4450-271 Matosinhos",227459182,,De 2ª a 6ª feira: 09H às 12H | 14H às 18H; Sábados e domingos: 14H às 18H; Feriados: Encerrado,Obrigatória,Sim,Em viatura ou a pé,Não
28,ARS Norte,ACES Porto Ocidental, Porto (Medicina Laboratorial - Doutor Carlos da Silva Torres),Queimódromo - Estrada da Circunvalação 4100-183 Porto,220125001,marcacoes@unilabs.pt,2ª feira a domingo: 09H às 18H; Feriados: Encerrado,Obrigatória,Sim,Só em automóvel,Não
29,ARS Norte,ACES Porto Ocidental, Porto - Vilarinha (Synlab Porto),"Rua da Vilarinha, 718 4100-511 Porto",227860743,,"De 2ª a 6ª feira: 10H às 12H | 14H às 17H30; Sábados, domingos e feriados: Encerrado",Obrigatória,Sim,Não tem,Não
30,ARS Norte,ACES Porto Ocidental, Porto - Sá da Bandeira (Synlab Porto),"Rua de Sá da Bandeira, 790, r/c 4000-432 Porto",227860743,,"De 2ª a 6ª feira: 10H às 12H | 14H às 17H30; Sábados, domingos e feriados: Encerrado",Obrigatória,Sim,Não tem,Não
31,ARS Norte,ACES Porto Ocidental, Porto (Dr. Joaquim Chaves),"Av. Central nº 33, 3º 4710-229 Braga",253609140,posto_lhs@jcs.pt,De 2ª a 6ª feira: 09H às 18H; Sábados: 09H às 12H; Domingos e feriados: Encerrado,Obrigatória,Não,Não tem,Sim
32,ARS Norte,ACES Porto Ocidental, Porto (Avelab),"Rua 15 de Novembro, n.º 113 4100-421 Porto",234380400 935380400,GERAL@AVELAB.PT,De 2ª a 6ª feira: 07H30 às 17H; Sábados: 08H às 13H; Domingos e feriados: Encerrado,Obrigatória,Sim,Só em automóvel,Sim
33,ARS Norte,ACES Póvoa do Varzim / Vila do Conde, Vila do Conde (Santa Casa da Misericórdia de Vila do Conde),"Rua Dr. António Andrade, 104 4480-806 Vila do Conde",252249100 969224355,covid19@scmvc.pt analisesclinicas@scmvc.pt,"De 2ª a 6ª feira: 08H às 11H; Sábados, domingos e feriados: Encerrado",Obrigatória,Sim,Só em automóvel,Não
34,ARS Norte,ACES Póvoa do Varzim / Vila do Conde, Póvoa do Varzim (Synlab Porto),Rua Bonitos de Amorim (Junto ao Centro Hospitalar Póvoa de Varzim/Vila do Conde) 4490-594 Póvoa do Varzim,252090169,,De 2ª a 6ª feira: 09H às 12H | 14H às 18H; Sábados e domingos: 14H às 18H; Feriados: Encerrado,Obrigatória,Sim,Em viatura ou a pé,Não
35,ARS Norte,ACES Póvoa do Varzim / Vila do Conde, Touguinhó (Trofa Saúde - Hospital Senhor do Bonfim),"Rua da Mata, n.º 180 4480-565 Touguinhó",252097700,laboratorio@senhordobonfim.trofasaude.com,"Todos os dias úteis, fins de semana e feriados: 00H às 24H",Opcional,Sim,Não tem,Sim
36,ARS Norte,ACES Santo Tirso / Trofa, Santo Tirso (Germano de Sousa),Rua Prof. Dr. Fernando Augusto Pires de Lima 4780-531 Santo Tirso,936559964,covid19.santotirso@germanodesousa.com,2ª feira a sábado: 09H às 17H; Domingos e feriados: Encerrado,Obrigatória,Sim,Não tem,Não
37,ARS Norte,ACES Gaia, Vila Nova de Gaia (Germano de Sousa),Rua 14 Outubro 4430-046 Vila Nova de Gaia,930575003 965782943,covid19.gaia@germanodesousa.com,2ª feira a sábado: 09H às 13H | 14H às 16H; Domingos e feriados: Encerrado,Obrigatória,Sim,Não tem,Não
38,ARS Norte,ACES Gaia, Porto - Gaia (Medicina Laboratorial - Doutor Carlos da Silva Torres),Espaço Mais Grijó (ex Outlet de Grijó) 4415-470 Porto - Gaia,220125001,marcacoes@unilabs.pt,2ª feira a domingo: 09H às 18H; Feriados: Encerrado,Obrigatória,Sim,Só em automóvel,Não
39,ARS Norte,ACES Gaia, Gaia (Synlab Porto),Rua de Almeida Garrett - Pavilhão Municipal da Lavandeira 4430-300 Vila Nova de Gaia, 969268038,,De 2ª a 6ª feira: 09H às 12H | 14H às 18H; Sábados: 14H às 18H; Domingos e feriados: Encerrado,Obrigatória,Sim,Em viatura ou a pé,Não
40,ARS Norte,ACES Marão e Douro Norte, Vila Real (Avelab),"Avenida João Paulo II, Lote 22 Bloco B 5000-198 Vila Real",234380400 966148612,regua@avelab.pt,2ª feira a sábado: 08H30 às 12H; Domingos e feriados: Encerrado,Obrigatória,Sim,Só em automóvel,Sim
41,ARS Norte,ACES Marão e Douro Norte, Peso da Régua (Avelab),"Avenida de Ovar, Edifício Sta. Rita I s/n 5050-223 Peso da Régua",234380400 966148612,regua@avelab.pt,De 2ª a 6ª feira: 08H às 12H30 | 14H30 às 16H; Sábados: 08H às 11H30; Domingos e feriados: Encerrado,Obrigatória,Sim,Só em automóvel,Sim
42,ARS Norte,ACES Marão e Douro Norte, Santa Marta de Penaguião (Avelab),"Rua dos Combatentes, n.º 3, Lojas 6 e 7 5030-477 Santa Marta de Penaguião",234380400 966148612,regua@avelab.pt,"De 2ª a 6ª feira: 08H às 11H30; Sábados, domingos e feriados: Encerrado",Obrigatória,Sim,Só em automóvel,Sim
43,ARS Norte,ACES Marão e Douro Norte, Pinhão (Avelab),"Rua da Nossa Senhora da Conceição, n.º 12-A 5085-039 Pinhão",234380400 966148612,regua@avelab.pt,"2ªF, 4ªF e 6ªF: 08H às 11H30; 3ªF, 5ªF, Sábados: Domingos e feriados: Encerrado",Obrigatória,Sim,Só em automóvel,Sim
44,ARS Norte,ACES Douro Sul, Lamego (Germano de Sousa),Centro Multiusos de Lamego - Largo da Feira 5110-190 Lamego,936535810,covid19.lamego@germanodesousa.com,2ª feira a domingo: 08H às 17H; Feriados: Encerrado,Opcional,Sim,Não tem,Não
45,ARS Norte,ACES Douro Sul, São João da Pesqueira (Avelab),"Rua da Figueira, n.º 6-A 5130-321 São João da Pesqueira",234380400 966148612,regua@avelab.pt,"De 2ª a 6ª feira: 08H30 às 11H30 | 14H às 18H; Sábados, domingos e feriados: Encerrado",Obrigatória,Sim,Só em automóvel,Sim
46,ARS Norte,ACES Alto Ave, Braga - Guimarães (Medicina Laboratorial - Doutor Carlos da Silva Torres),"Alameda Cidade de Lisboa, 481 4835-037 Braga - Guimarães",220125001,marcacoes@unilabs.pt,2ª feira a domingo: 09H às 18H; Feriados: Encerrado,Obrigatória,Sim,Só em automóvel,Não
47,ARS Norte,ACES Gondomar, Porto - Gondomar (Medicina Laboratorial - Doutor Carlos da Silva Torres),"Av. Multiusos, S. Cosme 4420-015 Porto - Gondomar",220125001,marcacoes@unilabs.pt,2ª feira a domingo: 09H às 18H; Feriados: Encerrado,Obrigatória,Sim,Só em automóvel,Não
48,ARS Norte,ACES Maia / Valongo, Valongo (Germano de Sousa),"Rua das Pereiras, n.º 141 - Escola Básica 2/3 Vallis Longus 4440-584 Valongo",935053485,covid19.valongo@germanodesousa.com,2ª feira a sábado: 09H às 13H | 14H às 16H; Domingos e feriados: Encerrado,Obrigatória,Sim,Não tem,Não
49,ARS Norte,ACES Maia / Valongo, Maia (Synlab Porto),Estádio Municipal da Maia 4470-202 Maia,808210122 808210123,,De 2ª a 6ª feira: 09H às 12H | 14H às 18H; Sábados e domingos: 14H às 18H; Feriados: Encerrado,Obrigatória,Sim,Em viatura ou a pé,Não
50,ARS Norte,ACES Nordeste, Macedo de Cavaleiros (Centro Hospitalar de São João),Avenida Dr. Urze Pires 5340-273 Macedo de Cavaleiros,278420140,,2ª feira a domingo: 09H às 13H | 14H às 17H; Feriados: Encerrado,Obrigatória,Sim,Não tem,Não
51,ARS Norte,ACES Nordeste, Torre de Moncorvo (Avelab),"Avenida Jorge Luís Borges, n.º 4, r/c Esq. 5160-220 Torre de Moncorvo",234380400 935380400,GERAL@AVELAB.PT,"De 2ª a 6ª feira: 08H às 12H; Sábados, domingos e feriados: Encerrado",Obrigatória,Sim,Só em automóvel,Sim
52,ARS Centro,ACES Cova da Beira, Covilhã (Synlab),"Av. Infante Dom Henrique, Ed. Studio Residence, 2 Loja LG 6200-506 Covilhã",275313383,,"De 2ª a 6ª feira: 14H às 18H; Sábados, domingos e feriados: Encerrado",Obrigatória,Sim,Não tem,Não
53,ARS Centro,ACES Cova da Beira, Covilhã I (Egianálise),Rua António Augusto de Aguiar 96 6200-872 Covilhã,271212109 939851415,egianalise@sapo.pt,"De 2ª a 6ª feira: 09H às 11H; Sábados, domingos e feriados: Encerrado",Obrigatória,Sim,Só em automóvel,Sim
54,ARS Centro,ACES Cova da Beira, Covilhã II (Egianálise),Rua Anil 13-A 6200-872 Covilhã,271212109 939851415,egianalise@sapo.pt,"De 2ª a 6ª feira: 09H às 11H; Sábados, domingos e feriados: Encerrado",Obrigatória,Sim,Só em automóvel,Sim
55,ARS Centro,ACES Cova da Beira, Tortosendo (Egianálise),"Avenida Viriato, 155, loja 0 6200-760 Tortosendo",271212109 939851415,egianalise@sapo.pt,"De 2ª a 6ª feira: 09H às 11H; Sábados, domingos e feriados: Encerrado",Obrigatória,Sim,Só em automóvel,Sim
56,ARS Centro,ACES Cova da Beira, Belmonte (Egianálise),Rua Pedro Alvares Cabral 223 r/c 6200-760 Belmonte,271212109 939851415,egianalise@sapo.pt,"De 2ª a 6ª feira: 09H às 11H; Sábados, domingos e feriados: Encerrado",Obrigatória,Sim,Só em automóvel,Sim
57,ARS Centro,ACES Cova da Beira, Teixoso (Egianálise),Largo das Moitinhas 22 r/c 6200-651 Teixoso,271212109 939851415,egianalise@sapo.pt,"De 2ª a 6ª feira: 09H às 11H; Sábados, domingos e feriados: Encerrado",Obrigatória,Sim,Só em automóvel,Sim
58,ARS Centro,ACES Baixo Vouga, Aveiro (Dr. Joaquim Chaves),"Rua Luís Gomes Carvalho, n.º 28 3800-211 Aveiro",234367028,,"De 2ª a 6ª feira: 08H às 12H | 13H às 16H; Sábados, domingos e feriados: Encerrado",Obrigatória,Sim,Não tem,Sim
59,ARS Centro,ACES Baixo Vouga, Anadia (Avelab),"Largo Dr. António Costa Almeida, bloco C 3780-216 Anadia",243380400 926610046,covid19@avelab.pt,De 2ª a 6ª feira: 07H30 às 19H; Sábados: 08H às 17H; Domingos e feriados: Encerrado,Obrigatória,Sim,Só em automóvel,Sim
60,ARS Centro,ACES Baixo Vouga, Gafanha da Nazaré (Avelab),"Rua Prior Guerra, Lote 10 3830-711 Gafanha da Nazaré",243380400 926610046,covid19@avelab.pt,De 2ª a 6ª feira: 07H30 às 19H; Sábados: 08H às 17H; Domingos e feriados: Encerrado,Obrigatória,Sim,Só em automóvel,Sim
61,ARS Centro,ACES Baixo Vouga, Aveiro (Avelab),"Rua Cerâmica Vouga, 13 3800-011 Aveiro",243380400 926610046,covid19@avelab.pt,De 2ª a 6ª feira: 07H30 às 19H; Sábados: 08H às 17H; Domingos e feriados: Encerrado,Obrigatória,Sim,Só em automóvel,Sim
62,ARS Centro,ACES Baixo Vouga, Palhaça (Avelab),"Praça de S. Pedro, 106 A 3770-355 Palhaça",243380400 926610046,covid19@avelab.pt,De 2ª a 6ª feira: 07H30 às 19H; Sábados: 08H às 17H; Domingos e feriados: Encerrado,Obrigatória,Sim,Só em automóvel,Sim
63,ARS Centro,ACES Baixo Vouga, Sever do Vouga (Avelab),"Av. Comendador Augusto Martins Pereira, 45 3744-252 Sever do Vouga",243380400 926610046,covid19@avelab.pt,De 2ª a 6ª feira: 07H30 às 19H; Sábados: 08H às 17H; Domingos e feriados: Encerrado,Obrigatória,Sim,Só em automóvel,Sim
64,ARS Centro,ACES Baixo Vouga, Ovar (Centro Médico da Praça),"Rua de São João, 309 3880-909 Ovar",256830700 256590040 916137547,geral@centromedicodapraca.pt  americo.sa@centromedicodapraca.pt,De 2ª a 6ª feira: 08H30 às 12H30 | 14H às 18H; Sábados: 09H às 12H30; Domingos e feriados: Encerrado,Obrigatória,Sim,Só em automóvel,Não
65,ARS Centro,ACES Baixo Vouga, Aveiro (Centro Médico da Praça),"Rua de Ovar, 53 3810-164 Aveiro",256830700 234385075 916137547,geral@centromedicodapraca.pt  americo.sa@centromedicodapraca.pt,De 2ª a 6ª feira: 08H30 às 12H30 | 14H às 18H; Sábados: 09H às 12H30; Domingos e feriados: Encerrado,Obrigatória,Sim,Não tem,Sim
66,ARS Centro,ACES Baixo Mondego, Coimbra (Germano de Sousa),"Av. Fernão Magalhães, nº 577 3000-178 Coimbra", 930520828 239482638,covid19.coimbra@germanodesousa.com,2ª feira a sábado: 08H30 às 18H; Domingos e feriados: Encerrado,Obrigatória,Sim,Não tem,Não
67,ARS Centro,ACES Baixo Mondego, Coimbra (Synlab),"Circular Externa de Coimbra, 45 piso 0 - Hospital da Luz 3000-125 Coimbra",239701512,geral@labsaojose.pt,"2ªF e 3ªF: 08H30 às 20H30; De 4ª a 6ª feira: 07H30 às 20H30; Sábados, domingos e feriados: Encerrado",Obrigatória,Sim,Só em automóvel,Não
68,ARS Centro,ACES Baixo Mondego, Coimbra (Beatriz Godinho),"Rua Dr. Daniel de Matos, n.º 154, r/c Dto. 3030-471 Coimbra",239404411,geral@beatrizgodinho.pt,"De 2ª a 6ª feira: 10H às 13H; Sábados, domingos e feriados: Encerrado",Obrigatória,Sim,Não tem,Não
69,ARS Centro,ACES Baixo Mondego, Coimbra I (Lab. Joaquim Rodrigues),"Rua Eng. Jorge Anjinho, Lote 2, Loja 7 3030-492 Coimbra",239092942 910724856 910724165,lab.lfrazao@gmail.com,De 2ª a 6ª feira: 07H30 às 18H; Sábados: 08H às 12H; Domingos e feriados: Encerrado,Opcional,Sim,Só em automóvel,Não
70,ARS Centro,ACES Baixo Mondego, Coimbra II (Lab. Joaquim Rodrigues),"Rua Lídia Albuquerque Matos, Lote 4, r/c 3020-171 Coimbra",239092942 910724856 910724165,lab.lfrazao@gmail.com,De 2ª a 6ª feira: 08H às 17H; Sábados: 08H às 11H; Domingos e feriados: Encerrado,Opcional,Sim,Só em automóvel,Não
71,ARS Centro,ACES Baixo Mondego, Figueira da Foz (Laboratório A. Clínicas Dra. Maria do Carmo Chaves),"Rua Afonso de Albuquerque, nº 1 F 3080-041 Figueira da Foz",233096435 915499676,laboratorio@figueiralab.com,"De 2ª a 6ª feira: 08H às 18H; Sábados, domingos e feriados: Encerrado",Obrigatória,Sim,Só em automóvel,Não
72,ARS Centro,ACES Pinhal Interior Norte, Oliveira do Hospital (Elisabete F. A. Campos),Recinto da Feira em Oliveira do Hospital 3404-909 Oliveira do Hospital,960159319,,"2ªF e 4ªF: 13H30 às 17H; 3ªF, 5ªF, 6ªF, Sábados: Domingos e feriados: Encerrado",Obrigatória,Sim,Só em automóvel,Não
73,ARS Centro,ACES Pinhal Interior Norte, Pampilhosa da Serra (Lab. Joaquim Rodrigues),"Rua Rangel Lima, 78, r/c 3320-229 Pampilhosa da Serra",239092942 910724856 910724165,lab.lfrazao@gmail.com,De 2ª a 6ª feira: 08H às 11H; Sábados: 08H às 10H; Domingos e feriados: Encerrado,Opcional,Sim,Só em automóvel,Não
74,ARS Centro,ACES Pinhal Interior Norte, Castanheira de Pera (Lab. Joaquim Rodrigues),"Avenida São de Domingos, 6, r/c 3280-013 Castanheira de Pera",239092942 910724856 910724165,lab.lfrazao@gmail.com,De 2ª a 6ª feira: 08H às 12H; Sábados: 08H às 10H; Domingos e feriados: Encerrado,Opcional,Sim,Só em automóvel,Não
75,ARS Centro,ACES Pinhal Interior Norte, Pedrogão Grande (Lab. Joaquim Rodrigues),"Largo da Devesa, S/N, r/c 3270-101 Pedrogão Grande",239092942 910724856 910724165,lab.lfrazao@gmail.com,"De 2ª a 6ª feira: 08H às 11H; Sábados, domingos e feriados: Encerrado",Opcional,Sim,Só em automóvel,Não
76,ARS Centro,ACES Dão Lafões, Viseu (Germano de Sousa),"Av. Almirante Afonso Cerqueira, r/c A - Edifício Cibur 3510-008 Viseu",933100774,covid19.viseu@germanodesousa.com,2ª feira a sábado: 09H às 16H; Domingos e feriados: Encerrado,Obrigatória,Sim,Não tem,Não
77,ARS Centro,ACES Dão Lafões, Viseu (Unilabs),Rua Padre Costa - Pavilhão Multiusos 3510-008 Viseu,220125001,,"Todos os dias úteis, fins de semana e feriados: 09H às 18H",Obrigatória,Sim,Só em automóvel,Não
78,ARS Centro,ACES Pinhal Litoral, Marinha Grande (Synlabhealth Leiria),"Rua Mãe D’Água, n.º 14 A (junto aos CTT/Rodoviária) 2430-201 Marinha Grande",244553609,,"De 2ª a 6ª feira: 14H às 18H; Sábados, domingos e feriados: Encerrado",Obrigatória,Sim,Não tem,Não
79,ARS Centro,ACES Pinhal Litoral, Leiria Estádio Municipal (Beatriz Godinho),Estádio Municipal Dr. Magalhães Pessoa 2400-137 Leiria,244830460,geral@beatrizgodinho.pt,"De 2ª a 6ª feira: 10H às 13H; Sábados, domingos e feriados: Encerrado",Obrigatória,Sim,Só em automóvel,Sim
80,ARS Centro,ACES Pinhal Litoral, Leiria Marinheiros (Beatriz Godinho),"Rua da Escola, lote 2, loja 3, Marinheiro 2415-449 Leiria",244830460,geral@beatrizgodinho.pt,"De 2ª a 6ª feira: 10H às 13H; Sábados, domingos e feriados: Encerrado",Obrigatória,Sim,Não tem,Sim
81,ARS Centro,ACES Pinhal Litoral, Pombal (Beatriz Godinho),Expocentro - Parque Industrial Manuel Mota 3100-354 Pombal,244830460,geral@beatrizgodinho.pt,"De 2ª a 6ª feira: 10H às 13H; Sábados, domingos e feriados: Encerrado",Obrigatória,Sim,Só em automóvel,Sim
82,ARS Centro,ACES Pinhal Litoral, Leiria Clínica das Olhalvas (Affidea),"Clínica das Olhalvas - Olhalvas Park, 1 andar, Parque de estacionamento (Drive-Through) 2410-198 Leiria",244843720,geral@clinicadasolhalvas.com,"De 2ª a 6ª feira: 09H às 12H; Sábados, domingos e feriados: Encerrado",Obrigatória,Sim,Só em automóvel,Não
83,ARS Centro,ACES Pinhal Litoral, Pombal (Lab. Joaquim Rodrigues),"Avenida Heróis do Ultramar, 60, r/c Dto. 3100-462 Pombal",239092942 910724856 910724165,lab.lfrazao@gmail.com,De 2ª a 6ª feira: 07H30 às 18H; Sábados: 07H30 às 12H; Domingos e feriados: Encerrado,Opcional,Sim,Só em automóvel,Não
84,ARS Centro,ACES Pinhal Litoral, Santiago de Litém (Lab. Joaquim Rodrigues),"Largo João Costa Fonseca, Ed. Varandas de Sicó, Loja 3, r/c 3100-682 Santiago de Litém",239092942 910724856 910724165,lab.lfrazao@gmail.com,De 2ª a 6ª feira: 08H às 12H; Sábados: 08H às 11H; Domingos e feriados: Encerrado,Opcional,Sim,Só em automóvel,Não
85,ARS Centro,ACES Guarda, Seia (Beatriz Godinho),"Av. Dr. Afonso Costa, 7 r/c Dto. 6270-481 Seia",238311468,,"De 2ª a 6ª feira: 10H às 13H; Sábados, domingos e feriados: Encerrado",Obrigatória,Sim,Não tem,Sim
86,ARS Centro,ACES Guarda, Guarda - NERGA (Laboratório do Serviço de Patologia Clínica - ULS Guarda),"Parque Industrial, Lote 37 6300-625 Guarda",,,"2ª a 6ª feira e feriados: 09H às 13H; Sábados e domingos: Encerrado Contatar o ADC de residência: 966492925 (Pinhel, Almeida, Figueira de Castelo Rodrigo); 966968208 (Seia, Gouveia, Fornos de Algodres)",Obrigatória,Sim,Só em automóvel,Não
87,ARS Centro,ACES Guarda, Trancoso (Laboratório do Serviço de Patologia Clínica - ULS Guarda),Av. das Indústrias – Zona Industrial - junto ao Centro de Inspeções de Trancoso (IPO) 6420-076 Trancoso,,,"2ª a 6ª feira e feriados: 09H às 13H; Sábados e domingos: Encerrado Contatar o ADC de residência: 966492925 (Pinhel, Almeida, Figueira de Castelo Rodrigo); 966492922 (Trancoso, Mêda, Vila Nova de Foz Côa); 966968208 (Seia, Gouveia, Fornos de Algodres)",Obrigatória,Sim,Só em automóvel,Não
88,ARS Centro,ACES Guarda, Guarda (Egianálise),Rua Vasco Borges 23 A 6300-771 Guarda,271212109 939851415,egianalisecovid@sapo.pt egianalise@sapo.pt,2ª feira a sábado: 09H às 16H; Domingos e feriados: Encerrado,Obrigatória,Sim,Só em automóvel,Sim
89,ARS Centro,ACES Guarda, Vilar Formoso (Egianálise),Avenida da Fronteira 16 R/C - Instalações da Cruz Vermelha 6356-909 Vilar Formoso,271212109 939851415,egianalise@sapo.pt,"De 2ª a 6ª feira: 09H às 11H; Sábados, domingos e feriados: Encerrado",Obrigatória,Sim,Só em automóvel,Sim
90,ARS Centro,ACES Guarda, Almeida (Egianálise),"Avenida El Rei D Dinis, 7 r/c 6351-909 Almeida",271212109 939851415,egianalise@sapo.pt,"De 2ª a 6ª feira: 09H às 11H; Sábados, domingos e feriados: Encerrado",Obrigatória,Sim,Só em automóvel,Sim
91,ARS Centro,ACES Guarda, Pinhel (Egianálise),Avenida D José I 5 r/c 6400-311 Pinhel,271212109 939851415,egianalise@sapo.pt,"De 2ª a 6ª feira: 09H às 11H; Sábados, domingos e feriados: Encerrado",Obrigatória,Sim,Só em automóvel,Sim
92,ARS Centro,ACES Guarda, Celorico da Beira (Egianálise),Rua da Corredoura 113 r/c 6361-909 Celorico da Beira,271212109 939851415,egianalise@sapo.pt,"De 2ª a 6ª feira: 09H às 11H; Sábados, domingos e feriados: Encerrado",Obrigatória,Sim,Só em automóvel,Sim
93,ARS Centro,ACES Guarda, Mêda (Egianálise),Avenida Gago Coutinho e Sacadura Cabral 6431-909 Mêda,271212109 939851415,egianalise@sapo.pt,"De 2ª a 6ª feira: 09H às 11H; Sábados, domingos e feriados: Encerrado",Obrigatória,Sim,Só em automóvel,Sim
94,ARS Centro,ACES Guarda, Fornos de Algofres (Egianálise),"Urbanização Sul, loja A3 r/c 6371-909 Fornos de Algodres",271212109 939851415,egianalise@sapo.pt,"De 2ª a 6ª feira: 09H às 11H; Sábados, domingos e feriados: Encerrado",Obrigatória,Sim,Só em automóvel,Sim
95,ARS Centro,ACES Guarda, Sabugal (Egianálise),Rua do Campo da Bola 10 r/c 6320-315 Sabugal,271212109 939851415,egianalise@sapo.pt,"De 2ª a 6ª feira: 09H às 11H; Sábados, domingos e feriados: Encerrado",Obrigatória,Sim,Só em automóvel,Sim
96,ARS Centro,ACES Guarda, Vila Nova de Foz Côa (Egianálise),Largo Dr. Artur Aguilar 10 r/c 5151-909 Vila Nova de Foz Côa,271212109 939851415,egianalise@sapo.pt,"De 2ª a 6ª feira: 09H às 11H; Sábados, domingos e feriados: Encerrado",Obrigatória,Sim,Só em automóvel,Sim
97,ARS Centro,ACES Guarda, Aguiar da Beira (Egianálise),Avenida da Liberdade 56 A r/c 3571-909 Aguiar da Beira,271212109 939851415,egianalise@sapo.pt,"De 2ª a 6ª feira: 09H às 11H; Sábados, domingos e feriados: Encerrado",Obrigatória,Sim,Só em automóvel,Sim
98,ARS Centro,ACES Guarda, Trancoso (Egianálise),"Avenida Engenheiro Frederico Ulrich s/n, Fração N 6420-011 Trancoso",271212109 939851415,egianalise@sapo.pt,"De 2ª a 6ª feira: 09H às 11H; Sábados, domingos e feriados: Encerrado",Obrigatória,Sim,Só em automóvel,Sim
99,ARS Centro,ACES Guarda, Seia (Laboratório A. Clínicas Dra. Maria do Carmo Chaves),"Praceta Comendador Joaquim Fernandes Simões, 9 RC 6270-457 Seia",238313265 915499734,laboratorio@figueiralab.com,"De 2ª a 6ª feira: 08H às 18H; Sábados, domingos e feriados: Encerrado",Opcional,Sim,Não tem,Não
100,ARS Centro,ACES Guarda,ADC Comunidade Guarda (Gouveia),"Rua Dr. Mário Gomes Figueira, s/n 6290-370 Gouveia",966968208,adc.gouveia@ulsguarda.min-saude.pt,2ª a 6ª feira e feriados: 09H às 13H; Sábados e domingos: Encerrado Colheitas por equipas em unidades móveis e no posto de colheita do NERGA,Obrigatória,Sim,Não tem,Não
101,ARS Centro,ACES Guarda,ADC Comunidade Guarda (Pinhel),"Avenida D. José I, nº 4 6400-490 Pinhel",966492925,adc.pinhel@ulsguarda.min-saude.pt,2ª a 6ª feira e feriados: 09H às 13H; Sábados e domingos: Encerrado Colheitas por equipas em unidades móveis e no posto de colheita do NERGA,Obrigatória,Sim,Não tem,Não
102,ARS Lisboa e Vale do Tejo,ACES Oeste Norte, Caldas da Rainha (Dr. Joaquim Chaves),"Rua Fonte do Pinheiro, 14 2500-203 Caldas da Rainha",214124300,,"De 2ª a 6ª feira: 13H às 16H; Sábados, domingos e feriados: Encerrado",Obrigatória,Sim,Não tem,Sim
103,ARS Lisboa e Vale do Tejo,ACES Oeste Norte, Alcobaça (Affidea),"Av. Prof Engenheiro Joaquim Vieira Natividade, 80 2460-071 Alcobaça",262925610,geral@policlinicabenedita.com,"De 2ª a 6ª feira: 09H às 10H30; Sábados, domingos e feriados: Encerrado",Obrigatória,Sim,Só em automóvel,Não
104,ARS Lisboa e Vale do Tejo,ACES Oeste Norte, Caldas da Rainha (Germano de Sousa),"Pavilhão Rainha D. Leonor, Rua Vitorino Frois, nº 37 2500-256 Caldas da Rainha",800210133,,"De 2ª a 6ª feira: 14H às 18H; Sábados, domingos e feriados: Encerrado",Obrigatória,Sim,Não tem,Não
105,ARS Lisboa e Vale do Tejo,ACES Cascais, S. Domingos de Rana (Dr. Joaquim Chaves),"Rua Feliciano Moreira, S. Domingos de Rana 2785-558 S. Domingos de Rana",800203186,,"De 2ª a 6ª feira: 14H às 16H; Sábados, domingos e feriados: Encerrado",Obrigatória,Sim,Não tem,Não
106,ARS Lisboa e Vale do Tejo,ACES Cascais, Estoril (Germano de Sousa),Avenida Amaral - Centro de Congressos do Estoril 2765-192 Estoril,800203186,covid19.cascais@germanodesousa.com,2ª feira a sábado: 09H às 18H; Domingos e feriados: Encerrado,Obrigatória,Sim,Não tem,Não
107,ARS Lisboa e Vale do Tejo,ACES Cascais, São João do Estoril (Cintramédica Ii),"Rua Egas Moniz, 262, Loja B 2675-477 S. João do Estoril",214661041,analises@cintramedica.pt,"De 2ª a 6ª feira: 08H às 16H; Sábados, domingos e feriados: Encerrado",Obrigatória,Sim,Não tem,Não
108,ARS Lisboa e Vale do Tejo,ACES Amadora, Amadora (Dr. Joaquim Chaves),"Av. Câmara Pestana, 1 B, Venda Nova 2700-220 Amadora",214758700,,"Todos os dias úteis, fins de semana e feriados: 14H às 19H",Obrigatória,Sim,Não tem,Não
109,ARS Lisboa e Vale do Tejo,ACES Amadora, Damaia (Lumilabo),"Largo Alexandre Gusmão, 14 2720-728 Damaia",217210480,marcacoes@lumilabo.pt,"De 2ª a 6ª feira: 11H30 às 17H; Sábados, domingos e feriados: Encerrado",Obrigatória,Sim,Não tem,Não
110,ARS Lisboa e Vale do Tejo,ACES Amadora, Amadora (Germano de Sousa),Av. da Aviação Portuguesa - Escola Básica Gago Coutinho 2720-057 Amadora,214758700 ,covid19.amadora@germanodesousa.com,"De 2ª a 6ª feira: 14H às 19H; Sábados, domingos e feriados: Encerrado",Opcional,Sim,Não tem,Não
111,ARS Lisboa e Vale do Tejo,ACES Arco Ribeirinho, Barreiro (Germano de Sousa),Rua Real Fábrica do Vidro 2830-516 Coina,212071273 967130928,covid19.barreiro@germanodesousa.com,De 2ª a 6ª feira: 09H às 13H | 14H às 18H; Sábados: 09H às 13H; Domingos e feriados: Encerrado,Obrigatória,Sim,Não tem,Não
112,ARS Lisboa e Vale do Tejo,ACES Arco Ribeirinho, Lavradio (Affidea),"Rua D. José Cárcamo Lobo, N.º 46 A 2835-421 Lavradio",210079600 ,hormofuncional@affidea.pt,"3ªF e 5ªF: 14H às 16H; 2ªF, 4ªF, 6ªF, Sábados: Domingos e feriados: Encerrado",Obrigatória,Sim,Não tem,Não
113,ARS Lisboa e Vale do Tejo,ACES Arco Ribeirinho, Baixa da Banheira (Labocentro),"Rua Padre António Vieira, 2 A 2835-141 Baixa da Banheira",210129276 961773477,covid19@clarasaude.pt  geral@labocentro.pt,2ª feira a sábado: 08H às 11H; Domingos e feriados: Encerrado,Obrigatória,Sim,Não tem,Sim
114,ARS Lisboa e Vale do Tejo,ACES Estuário do Tejo, Alenquer (Synlabhealth Ii),"Rua Francisco José Lopes, s/n 2580-393 Alenquer",263732135 912961311,,"De 2ª a 6ª feira: 09H às 13H | 14H às 18H; Sábados, domingos e feriados: Encerrado",Obrigatória,Sim,Em viatura ou a pé,Não
115,ARS Lisboa e Vale do Tejo,ACES Estuário do Tejo, Alenquer (Affidea),"Rua Sacadura Cabral, N.º 54 A 2580-371 Alenquer",263040352,affidea.px@gmail.com,"De 2ª a 6ª feira: 14H às 16H; Sábados, domingos e feriados: Encerrado",Obrigatória,Sim,Só em automóvel,Não
116,ARS Lisboa e Vale do Tejo,ACES Estuário do Tejo, Vila Franca de Xira (Labocentro),"Rua José Dias da Silva, 3 2600-170 Vila Franca de Xira",210129276 961773477,covid19@clarasaude.pt  geral@labocentro.pt,"De 2ª a 6ª feira: 08H às 11H; Sábados, domingos e feriados: Encerrado",Obrigatória,Sim,Não tem,Sim
117,ARS Lisboa e Vale do Tejo,ACES Estuário do Tejo,ADC Comunidade Estuário do Tejo (Alverca),"Praça Sociedade Filarmónica Recreio Alverquense, nº 22 - Edifício do Centro de Saúde 2615-042 Alverca do Ribatejo",966523004,adc.estuariotejo@arslvt.min-saude.pt,"De 2ª a 6ª feira: 09H às 13H | 14H às 18H; Sábados, domingos e feriados: Encerrado",Obrigatória,Sim,Não tem,Não
118,ARS Lisboa e Vale do Tejo,ACES Estuário do Tejo,ADC Comunidade Estuário do Tejo (Samora Correia),"Praceta Padre Camilo, n.º 3 2135-089 Samora Correia",966523004,adc.estuariotejo@arslvt.min-saude.pt,"2ªF, 4ªF e 6ªF: 14H às 22H; 3ªF e 5ªF: 09H às 15H; Sábados, domingos e feriados: Encerrado",Obrigatória,Sim,Não tem,Não
119,ARS Lisboa e Vale do Tejo,ACES Oeste Sul, Torres Vedras (Dr. Joaquim Chaves),Centro de Educação Ambiental - Parque Verde da Várzea 2560-625 Torres Vedras,800200066,,2ª feira a domingo: 09H às 13H; Feriados: Encerrado,Obrigatória,Sim,Não tem,Não
120,ARS Lisboa e Vale do Tejo,ACES Oeste Sul, Mafra (Germano de Sousa),Largo Coronel Brito Gorjão - Complexo Cultural Quinta da Raposa 2640-465 Mafra,930551476,covid19.mafra@germanodesousa.com,"De 2ª a 6ª feira: 09H às 13H30 | 14H às 18H; Sábados, domingos e feriados: Encerrado",Obrigatória,Sim,Não tem,Não
121,ARS Lisboa e Vale do Tejo,ACES Oeste Sul, Mafra (Cintramédica Ii),"Avenida 1º. de Maio, 12 2640-437 Mafra",219100080,analises@cintramedica.pt,"De 2ª a 6ª feira: 08H às 16H; Sábados, domingos e feriados: Encerrado",Obrigatória,Sim,Não tem,Não
122,ARS Lisboa e Vale do Tejo,ACES Oeste Sul, Lourinhã (Germano de Sousa),Praça José Máximo da Costa - Ao lado da CM Lourinhã 2534-500 Lourinhã,800200150 ,covid19.lourinha@germanodesousa.com,"De 2ª a 6ª feira: 14H às 17H; Sábados, domingos e feriados: Encerrado",Obrigatória,Sim,Não tem,Não
123,ARS Lisboa e Vale do Tejo,ACES Lisboa Ocidental e Oeiras, Algés (Dr. Joaquim Chaves),"Palácio dos Anjos, Alameda Hermano Patrone 1495-064 Algés",214540800,,"De 2ª a 6ª feira: 14H às 18H; Sábados, domingos e feriados: Encerrado",Obrigatória,Sim,Não tem,Não
124,ARS Lisboa e Vale do Tejo,ACES Lisboa Ocidental e Oeiras, Carnaxide (Dr. Joaquim Chaves),"Rua Manuel Teixeira Gomes, 15 E - Loja A 2790-105 Carnaxide",214124300,geral@jcs.pt,"De 2ª a 6ª feira: 13H às 18H; Sábados, domingos e feriados: Encerrado",Obrigatória,Sim,Não tem,Sim
125,ARS Lisboa e Vale do Tejo,ACES Lisboa Ocidental e Oeiras, Paço de Arcos (Labocentro),"Rua Marquês Fronteira, 4 - B 2770-123 Paço de Arcos",210129276 961773477,covid19@clarasaude.pt  geral@labocentro.pt,"De 2ª a 6ª feira: 08H às 11H; Sábados, domingos e feriados: Encerrado",Obrigatória,Sim,Não tem,Sim
126,ARS Lisboa e Vale do Tejo,ACES Lisboa Central, Lisboa Rodrigues Sampaio (Synlabhealth Ii),"Rua Rodrigues Sampaio, 30 B r/c 1169-067 Lisboa",213587400,,"De 2ª a 6ª feira: 10H às 12H | 13H às 17H30; Sábados, domingos e feriados: Encerrado",Obrigatória,Sim,Não tem,Não
127,ARS Lisboa e Vale do Tejo,ACES Lisboa Central, Lisboa (Dr. Joaquim Chaves),"Rua Tomás Ribeiro, 6 C   1050-229 Lisboa",214124300,,"De 2ª a 6ª feira: 13H às 18H; Sábados, domingos e feriados: Encerrado",Obrigatória,Sim,Não tem,Sim
128,ARS Lisboa e Vale do Tejo,ACES Lisboa Central, Lisboa - Parque das Nações (Synlabhealth Ii),Galeria Comercial Estação do Oriente loja nº G 113 A 1990-233 Lisboa,210496390,,"De 2ª a 6ª feira: 10H às 13H | 14H às 17H; Sábados, domingos e feriados: Encerrado",Obrigatória,Sim,Não tem,Não
129,ARS Lisboa e Vale do Tejo,ACES Lisboa Central, Lisboa (Lumilabo),"Avenida Columbano Bordalo Pinheiro, 71A/B 1070-061 Lisboa",217210480 217210482,marcacoes@lumilabo.pt,De 2ª a 6ª feira: 09H às 18H; Sábados: 10H às 14H; Domingos e feriados: Encerrado,Obrigatória,Sim,Só em automóvel,Não
130,ARS Lisboa e Vale do Tejo,ACES Lisboa Central, Lisboa - Olivais Norte (Affidea),"Rua Capitão Tenente Oliveira e Carmo, Lote 144 R/C e CV - Olivais Norte 1800-050 Lisboa",210079600 ,hormofuncional@affidea.pt,"2ªF, 4ªF e 6ªF: 14H às 16H; 3ªF, 5ªF, Sábados: Domingos e feriados: Encerrado",Obrigatória,Sim,Não tem,Não
131,ARS Lisboa e Vale do Tejo,ACES Lisboa Central, Lisboa (Labocentro),"Praça do Norte, 8 - 1º 1800-281 Lisboa",210129276 961773477,covid19@clarasaude.pt  geral@labocentro.pt,2ª feira a sábado: 08H às 11H; Domingos e feriados: Encerrado,Obrigatória,Sim,Não tem,Sim
132,ARS Lisboa e Vale do Tejo,ACES Lisboa Central,ADC Comunidade (Infecciologia - Hospital Curry Cabral - CHULC),"Rua da Beneficência, 8 1060-166 Lisboa",217924326,covidhcc@chlc.min-saude.pt,"Todos os dias úteis, fins de semana e feriados: 08H às 20H",Obrigatória,Sim,Não tem,Não
133,ARS Lisboa e Vale do Tejo,ACES Lisboa Norte, Lisboa Rego (Synlabhealth Ii),"Rua Cardeal Mercier, 4 B 1600-027 Lisboa",217939053,,"De 2ª a 6ª feira: 10H às 13H | 14H às 17H; Sábados, domingos e feriados: Encerrado",Obrigatória,Sim,Não tem,Não
134,ARS Lisboa e Vale do Tejo,ACES Lisboa Norte, Lisboa Quinta da Luz (Synlabhealth Ii),"Rua Adelaide Cabete, 10 e 10F 1500-024 Lisboa",217963650,,"De 2ª a 6ª feira: 10H às 12H | 14H às 18H; Sábados, domingos e feriados: Encerrado",Obrigatória,Sim,Não tem,Não
135,ARS Lisboa e Vale do Tejo,ACES Lisboa Norte, Lisboa (Hospital Cruz Vermelha),"Rua Duarte Galvão, 54 1549-008 Lisboa",217714000,callcenter@hcvp.com.pt,2ª feira a sábado: 08H às 20H; Domingos e feriados: Encerrado,Obrigatória,Sim,Só em automóvel,Não
136,ARS Lisboa e Vale do Tejo,ACES Lisboa Norte, Lisboa (Germano de Sousa),Rua Luís de Freitas Branco - Escola Básica Quinta dos Frades 1600-488 Lisboa,800910219,covid19.lumiar@germanodesousa.com,2ª feira a sábado: 09H às 18H; Domingos e feriados: Encerrado,Obrigatória,Sim,Não tem,Não
137,ARS Lisboa e Vale do Tejo,ACES Lisboa Norte, Lisboa (Cintramédica Ii),"Rua São Tomás de Aquino, nº 4, A 1600-203 Lisboa",217223494,analises@cintramedica.pt,"De 2ª a 6ª feira: 08H às 16H; Sábados, domingos e feriados: Encerrado",Obrigatória,Sim,Não tem,Não
138,ARS Lisboa e Vale do Tejo,ACES Lisboa Norte, Lisboa Estrada de Benfica (Synlabhealth Ii),"Estrada de Benfica, 311 A, Loja B 1500-074 Lisboa", 912059578,,"De 2ª a 6ª feira: 08H às 13H | 14H às 17H; Sábados, domingos e feriados: Encerrado",Obrigatória,Sim,Não tem,Não
139,ARS Lisboa e Vale do Tejo,ACES Loures / Odivelas, Odivelas (Synlabhealth Ii),"Rua dos Bombeiros Voluntários, 28 B 2675-304 Odivelas",219333146,,"De 2ª a 6ª feira: 08H às 13H | 14H às 17H; Sábados, domingos e feriados: Encerrado",Obrigatória,Sim,Não tem,Não
140,ARS Lisboa e Vale do Tejo,ACES Loures / Odivelas, Moscavide (Dr. Joaquim Chaves),Rua Adão Manuel Ramos Barata 1885-100 Moscavide,219499210,,2ª feira a domingo: 11H às 12H | 16H às 18H; Feriados: Encerrado,Obrigatória,Sim,Não tem,Não
141,ARS Lisboa e Vale do Tejo,ACES Loures / Odivelas, Santo António dos Cavaleiros (Lumilabo),"Praça D. Miguel I, Nº2 Loja 2670-105 Santo António dos Cavaleiros",217210480,marcacoes@lumilabo.pt,"De 2ª a 6ª feira: 11H30 às 17H; Sábados, domingos e feriados: Encerrado",Obrigatória,Sim,Não tem,Não
142,ARS Lisboa e Vale do Tejo,ACES Loures / Odivelas,ADC Comunidade Loures-Odivelas (Póvoa de Santo Adrião),Rua Henrique dos Santos 2675-161 Póvoa de Santo Adrião,219380220,adc.louresodivelas@arslvt.min-saude.pt,"Todos os dias úteis, fins de semana e feriados: 08H às 20H",Obrigatória,Sim,Não tem,Não
143,ARS Lisboa e Vale do Tejo,ACES Sintra, Sintra (Dr. Joaquim Chaves),"Travessa da Portela, nº1, Portela de Sintra 2710-437 Sintra",214124300,,"De 2ª a 6ª feira: 14H às 18H; Sábados, domingos e feriados: Encerrado",Obrigatória,Sim,Não tem,Não
144,ARS Lisboa e Vale do Tejo,ACES Sintra, Sintra (Cintramédica Ii),"Travessa da Portela, Edifício Cintramédica 2710-437 Sintra",219100080,analises@cintramedica.pt,"De 2ª a 6ª feira: 08H às 16H; Sábados, domingos e feriados: Encerrado",Obrigatória,Sim,Em viatura ou a pé,Não
145,ARS Lisboa e Vale do Tejo,ACES Médio Tejo, Torres Novas (Synlabhealth Torres Novas),"Avenida Dr. Sá Carneiro, lote 4, loja 4 2350-536 Torres Novas",919585932,,"De 2ª a 6ª feira: 08H às 12H | 14H às 18H; Sábados, domingos e feriados: Encerrado",Obrigatória,Sim,Não tem,Não
146,ARS Lisboa e Vale do Tejo,ACES Médio Tejo, Tomar (Fernanda Galo),"Rua São João, nº 131, r/c 2300-568 Tomar",249311013 913404937,covid19@fernandagalo.com,"De 2ª a 6ª feira: 10H30 às 12H | 14H às 18H; Sábados, domingos e feriados: Encerrado",Obrigatória,Sim,Não tem,Não
147,ARS Lisboa e Vale do Tejo,ACES Médio Tejo, Sardoal (Fernanda Galo),Rua da Fonte da Estrada nº 7 - Parque Desportivo da Câmara Municipal do Sardoal 2230-106 Sardoal,968895013,covid19@fernandagalo.com,"De 3ª a 6ª feira: 14H às 17H; 2ªF, Sábados: Domingos e feriados: Encerrado",Opcional,Sim,Não tem,Não
148,ARS Lisboa e Vale do Tejo,ACES Médio Tejo, Ourém (Fernanda Galo),"Rua Dr. António Justiniano da Luz Preto nº 161, Loja B, 2490-579 Ourém", 968895013,covid19@fernandagalo.com,"2ªF e 5ªF: 14H às 17H; 3ªF, 4ªF, 6ªF, Sábados: Domingos e feriados: Encerrado",Obrigatória,Sim,Não tem,Sim
149,ARS Lisboa e Vale do Tejo,ACES Lezíria, Santarém (Dr. Joaquim Chaves),"Avenida dos Combatentes da Grande Guerra, 20 A 2005-258 Santarém",214124300,,"De 2ª a 6ª feira: 14H às 16H; Sábados, domingos e feriados: Encerrado",Obrigatória,Sim,Não tem,Sim
150,ARS Lisboa e Vale do Tejo,ACES Lezíria, Santarém (Germano de Sousa),"Pavilhão do Futuro – Casa do Campino, 2000-014 Santarém",800200371,covid19.santarem@germanodesousa.com,"De 2ª a 6ª feira: 09H às 12H30 | 14H às 17H30; Sábados, domingos e feriados: Encerrado",Obrigatória,Sim,Não tem,Não
151,ARS Lisboa e Vale do Tejo,ACES Lezíria, Almeirim (Synlabhealth Torres Novas),"Rua General Humberto Delgado, 4 2080-141 Almeirim",243592604,affidea.px@gmail.com,"De 2ª a 6ª feira: 11H às 16H30; Sábados, domingos e feriados: Encerrado",Obrigatória,Sim,Não tem,Não
152,ARS Lisboa e Vale do Tejo,ACES Lezíria, Rio Maior (Germano de Sousa),"Rua Fernando Casimiro Pereira da Silva, 3A 2040-227 Rio Maior",243993195,,"De 2ª a 6ª feira: 14H às 18H; Sábados, domingos e feriados: Encerrado",Obrigatória,Sim,Não tem,Não
153,ARS Lisboa e Vale do Tejo,ACES Lezíria, Santarém (Fernanda Galo),Rua Pedro de Santarém nº 134 2000-223 Santarém, 966675576,covid19@fernandagalo.com,"2ªF, 4ªF e 6ªF: 14H às 17H; 3ªF, 5ªF, Sábados: Domingos e feriados: Encerrado",Obrigatória,Sim,Não tem,Sim
154,ARS Lisboa e Vale do Tejo,ACES Almada / Seixal, Almada (Germano de Sousa),Rua dos 3 Vales - Escola Básica Rogério Ribeiro 2800-216 Almada,932007691,covid19.almada@germanodesousa.com,2ª feira a sábado: 14H às 18H; Domingos e feriados: Encerrado,Obrigatória,Sim,Não tem,Não
155,ARS Lisboa e Vale do Tejo,ACES Almada / Seixal, Seixal (Germano de Sousa),"Rua Quinta Nossa Senhora Monte Sião, n.º 1, Torre da Marinha 2840-614 Seixal",931393886,,2ª feira a sábado: 09H às 13H; Domingos e feriados: Encerrado,Obrigatória,Sim,Não tem,Não
156,ARS Lisboa e Vale do Tejo,ACES Almada / Seixal, Fernão Ferro (Labocentro),"Rua da Igreja, Lote 893 R/C A 2865-067 Fernão Ferro",210129276 961773477,covid19@clarasaude.pt  geral@labocentro.pt,De 2ª a 6ª feira: 07H30 às 11H30; Sábados: 08H às 11H; Domingos e feriados: Encerrado,Obrigatória,Sim,Não tem,Sim
157,ARS Lisboa e Vale do Tejo,ACES Almada / Seixal, Almada (Labocentro),"Rua Cabo da Boa Esperança, 17 A 2805-109 Almada",210129276 961773477,covid19@clarasaude.pt  geral@labocentro.pt,De 2ª a 6ª feira: 07H às 11H; Sábados: 08H às 11H; Domingos e feriados: Encerrado,Obrigatória,Sim,Não tem,Sim
158,ARS Lisboa e Vale do Tejo,ACES Arrábida, Setúbal (Germano de Sousa),"Rua Professor Marques de Sousa, Escola Básica EB Monte Belo 2910-717 Setúbal",966501091 966512191,,2ª feira a sábado: 09H às 13H | 14H às 18H; Domingos e feriados: Encerrado,Obrigatória,Sim,Não tem,Não
159,ARS Lisboa e Vale do Tejo,ACES Arrábida, Setúbal (Synlabhealth Ii),"Rua Damão, 9 2900-340 Setúbal",265230139,,"De 2ª a 6ª feira: 11H às 12H | 13H às 17H; Sábados, domingos e feriados: Encerrado",Obrigatória,Sim,Não tem,Não
160,ARS Lisboa e Vale do Tejo,ACES Arrábida, Pinhal Novo 1 (Labocentro),"Rua Gago Coutinho e Sacadura Cabral, 136-138 2955-190 Pinhal Novo",210129276 961773477,covid19@clarasaude.pt  geral@labocentro.pt,De 2ª a 6ª feira: 07H às 18H; Sábados: 08H às 12H; Domingos e feriados: Encerrado,Obrigatória,Sim,Não tem,Sim
161,ARS Lisboa e Vale do Tejo,ACES Arrábida, Pinhal Novo 2 (Labocentro),"Rua Ferreira de Castro, Lote 12E 2955-185 Pinhal Novo",210129276 961773477,covid19@clarasaude.pt  geral@labocentro.pt,2ª feira a sábado: 08H às 11H; Domingos e feriados: Encerrado,Obrigatória,Sim,Não tem,Sim
162,ARS Lisboa e Vale do Tejo,ACES Arrábida, Quinta do Conde (Labocentro),"Pcta. da Juventude, Lote 14 R/C 2975-339 Quinta do Conde",210129276 961773477,covid19@clarasaude.pt  geral@labocentro.pt,2ª feira a sábado: 08H às 11H; Domingos e feriados: Encerrado,Obrigatória,Sim,Não tem,Sim
163,ARS Lisboa e Vale do Tejo,ACES Arrábida, Setúbal (Labocentro),"Av. D. João II, 2-B 2910-548 Setúbal",210129276 961773477,covid19@clarasaude.pt  geral@labocentro.pt,2ª feira a sábado: 08H às 11H; Domingos e feriados: Encerrado,Obrigatória,Sim,Não tem,Sim
164,ARS Alentejo,ACES Baixo Alentejo, Ferreira do Alentejo (Synlabhealth Alentejo),"Avenida General Humberto Delgado, 51 7900-555 Ferreira do Alentejo",284739418,posto.ferreira-alentejo@synlab.pt,"De 2ª a 6ª feira: 14H às 18H; Sábados, domingos e feriados: Encerrado",Obrigatória,Sim,Não tem,Não
165,ARS Alentejo,ACES Baixo Alentejo,ADC Comunidade Baixo Alentejo (Beja),Rua Dom José do Patrocínio Dias 7800-053 Beja,284313420,csbeja@ulsba.min-saude.pt,"Todos os dias úteis, fins de semana e feriados: 09H às 13H",Obrigatória,Sim,Em viatura ou a pé,Sim
166,ARS Alentejo,ACES Alentejo Litoral, Sines (Clidis),"Quinta dos Passarinhos, 136 - Junto ao Pavilhão da Junta de Freguesia de Sines (atrás do LIDL) 7520-164 Sines",269630370,covidclidis@grupohpa.com,"De 2ª a 6ª feira: 08H às 16H; Sábados, domingos e feriados: Encerrado",Obrigatória,Sim,Em viatura ou a pé,Não
167,ARS Alentejo,ACES Alentejo Litoral, Alcácer do Sal (Germano de Sousa),"Largo 25 de Abril, nº 2 A 7580-151 Alcácer do Sal",265613056 966987894,covid19.alcacerdosal@germanodesousa.com,"De 2ª a 6ª feira: 14H às 17H; Sábados, domingos e feriados: Encerrado",Obrigatória,Sim,Não tem,Não
168,ARS Alentejo,ACES Alentejo Central, Évora (Germano de Sousa),"Rua 5 de outubro, n.º 45 7000-854 Évora", 930558390,evora@germanodesousa.com,"De 2ª a 6ª feira: 12H às 17H; Sábados, domingos e feriados: Encerrado",Obrigatória,Sim,Não tem,Não
169,ARS Alentejo,ACES Alentejo Central, Évora (Dr. Joaquim Chaves),"Rua Miguel Bombarda, nº 62 7000-919 Évora",214124300,geral@jcs.pt,De 2ª a 6ª feira: 07H às 22H; Sábados: 08H às 22H; Domingos: 08H às 19H; Feriados: Encerrado. O horário apresentado é o horário para marcação de exame. O horário do local de colheita é: De 2ª a 6ª feira: 08H às 12H | 13H às 16H.,Obrigatória,Sim,Não tem,Não
170,ARS Alentejo,ACES Alentejo Central, Évora (Synlabhealth Alentejo),"Praceta Horta do Bispo, 30 r/c 7005-259 Évora",266759590,laboratorio.evora@synlab.pt,"De 2ª a 6ª feira: 13H às 17H; Sábados, domingos e feriados: Encerrado",Obrigatória,Sim,Não tem,Não
171,ARS Alentejo,ACES São Mamede, Portalegre (ULS Norte Alentejano),Pavilhão da NERPOR - Campo da Feira- Portalegre 7300-306 Portalegre,969023471,,"De 2ª a 6ª feira: 09H às 13H30; Sábados, domingos e feriados: Encerrado",Obrigatória,Sim,Só em automóvel,Não
172,ARS Alentejo,ACES São Mamede, Elvas (ULS Norte Alentejano),Rua da Quinta do Sena nº 1 - Coliseu Rondão de Almeida - Elvas 7350-310 Elvas,969023471,,"De 2ª a 6ª feira: 09H às 13H30; Sábados, domingos e feriados: Encerrado",Obrigatória,Sim,Só em automóvel,Não
173,ARS Alentejo,ACES São Mamede, Ponte de Sor (ULS Norte Alentejano),Avenida General Humberto Delgado - Estádio Municipal de Ponte de Sor 7400-909 Ponte de Sor,969023471,,"De 2ª a 6ª feira: 09H às 13H30; Sábados, domingos e feriados: Encerrado",Obrigatória,Sim,Só em automóvel,Não
174,ARS Alentejo,ACES São Mamede, Ponte de Sor (Synlabhealth Alentejo),"Rua Damião de Góis, 8 7400-242 Ponte de Sor",242201521,posto-ponte-de-sor@synlab.pt,"De 2ª a 6ª feira: 13H às 17H; Sábados, domingos e feriados: Encerrado",Obrigatória,Sim,Não tem,Não
175,ARS Alentejo,ACES São Mamede,ADC Comunidade São Mamede (Elvas),"Rua Dra. Adelaide Cabette, 2 7350-314 Elvas",268637170 245637200 ,adc.elvas@ulsna.min-saude.pt,"De 2ª a 6ª feira: 14H às 18H; Sábados, domingos e feriados: Encerrado",Não aplicável,Sim,Não tem,Não
176,ARS Alentejo,ACES São Mamede,ADC Comunidade São Mamede (Ponte de Sor),"Passeio Garibaldino de Andrade, nº 1 7400-294 Ponte de Sor",242292000,adc.pontesor@ulsna.min-saude.pt,"De 2ª a 6ª feira: 14H às 18H; Sábados, domingos e feriados: Encerrado",Opcional,Sim,Não tem,Não
177,ARS Algarve,ACES Algarve Central, Olhão (Synlabhealth Algarve),"Rua 18 de Junho, 93 r/c 8700-421 Olhão",289714345,,"De 2ª a 6ª feira: 14H às 18H; Sábados, domingos e feriados: Encerrado",Obrigatória,Sim,Não tem,Sim
178,ARS Algarve,ACES Algarve Central, Faro (Dr. Joaquim Chaves),"Rua do Lethes, 51 r/c 8000-387 Faro",214124300,,"De 2ª a 6ª feira: 08H às 12H; Sábados, domingos e feriados: Encerrado",Obrigatória,Sim,Não tem,Sim
179,ARS Algarve,ACES Algarve Central, Faro (Synlabhealth Algarve),"Rua Dom Jerónimo Osório 1, 1.º 8000-307 Faro",289805769,,"De 2ª a 6ª feira: 08H às 12H | 14H às 18H; Sábados, domingos e feriados: Encerrado",Obrigatória,Sim,Não tem,Sim
180,ARS Algarve,ACES Algarve Central, Loulé (Aqualab),"Rua Voz de Loulé, Lote 11, r/c Dto. - Urbanização Moura Encantada 8100-522 Loulé",289580890,secretariado@aqualab.pt,2ª feira a sábado: 08H30 às 12H30; Domingos e feriados: Encerrado,Obrigatória,Sim,Não tem,Sim
181,ARS Algarve,ACES Algarve Central, Quarteira (Synlabhealth Algarve),"Rua Bartolomeu Dias, Edificio Gaveto, Loja A 8125-178 Quarteira",289248072,,"De 2ª a 6ª feira: 11H30 às 15H; Sábados, domingos e feriados: Encerrado",Obrigatória,Sim,Não tem,Sim
182,ARS Algarve,ACES Algarve Central, Albufeira (Aqualab),"Rua do Estádio, Lote E-4 - Quinta da Bellavista 8200-127 Albufeira",289580890,secretariado@aqualab.pt,De 2ª a 6ª feira: 08H às 18H; Sábados: 08H30 às 12H30; Domingos e feriados: Encerrado,Obrigatória,Sim,Não tem,Sim
183,ARS Algarve,ACES Algarve Sotavento, Vila Real de Santo António (Dr. Joaquim Chaves),"Rua Francisco Sá Carneiro, 29 B - Piscinas Municipais de Vila Real de Santo António 8900-307 Vila Real de Santo António",214124300,,"De 2ª a 6ª feira: 08H às 12H; Sábados, domingos e feriados: Encerrado",Obrigatória,Sim,Não tem,Sim
184,ARS Algarve,ACES Algarve Sotavento, Tavira (Laboratório de Análises Clínicas Dra. M. Margarida Baptista R. Santos),"Largo das Sete Ruas, 1 A 8800-604 Tavira",214124300,,"De 2ª a 6ª feira: 08H às 12H; Sábados, domingos e feriados: Encerrado",Obrigatória,Sim,Não tem,Sim
185,ARS Algarve,ACES Algarve Barlavento, Silves (Aqualab),"FISSUL, Pavilhão de Feiras e Exposições de Silves, Parque Ribeirinho de Silves 8300-000 Silves",289580890,secretariado@aqualab.pt,2ª feira a sábado: 08H30 às 12H30; Domingos e feriados: Encerrado,Obrigatória,Sim,Não tem,Sim
186,ARS Algarve,ACES Algarve Barlavento, Lagoa (Aqualab),"Rua Miguel Bombarda, nº 6 8400-348 Lagoa",289580890,secretariado@aqualab.pt,"De 2ª a 6ª feira: 08H30 às 12H30; Sábados, domingos e feriados: Encerrado",Obrigatória,Sim,Não tem,Sim
187,ARS Algarve,ACES Algarve Barlavento, Portimão (João Josino da Costa),"Avenida São João de Deus, Loja n.º 3 r/c - Edifício Desafio 8500-000 Portimão",282424250,geral.jjc@aqualab.pt,De 2ª a 6ª feira: 08H30 às 12H30 | 14H30 às 17H30; Sábados: 08H30 às 12H30; Domingos e feriados: Encerrado,Obrigatória,Sim,Não tem,Sim
188,ARS Algarve,ACES Algarve Barlavento, Portimão (Aqualab),"Portimão Arena - Parque de Feiras e Exposições de Portimão, Rotunda Moinhos de Maré 8500-454 Portimão",282424250,geral.jjc@aqualab.pt,"De 2ª a 6ª feira: 08H30 às 12H30 | 14H30 às 17H30; Sábados, domingos e feriados: Encerrado",Obrigatória,Sim,Não tem,Sim
189,ARS Algarve,ACES Algarve Barlavento, Lagos (Aqualab),Parque de Estacionamento da Marina de Lagos 8600-315 Lagos,289580890,secretariado@aqualab.pt,De 2ª a 6ª feira: 08H30 às 17H30; Sábados: 08H30 às 12H30; Domingos e feriados: Encerrado,Obrigatória,Sim,Não tem,Sim
